region,Country Code,1960,1961,1962,1963,1964,1965,1966,1967,1968,1969,1970,1971,1972,1973,1974,1975,1976,1977,1978,1979,1980,1981,1982,1983,1984,1985,1986,1987,1988,1989,1990,1991,1992,1993,1994,1995,1996,1997,1998,1999,2000,2001,2002,2003,2004,2005,2006,2007,2008,2009,2010,2011,2012,2013,2014,2015,2016,2017,2018,2019,2020,2021
Aruba,ABW,,,,,,,,,,,,,,,,,,,,,,,,,,,,,,,,,,,,,,,,,,,,,,,,,,,,,,,,,,,,,,
Africa Eastern and Southern,AFE,,,,,,,,,,,,,,,,,,,,,,,,,,,,,,,4690534,4151078,4386290,4584996,4965613,4138229,2920244,2503981,2445877,2675448,2943809,2869509,2877322,2633646,2603262,2538163,2560228,2309300,2162163,2181945,2302760,2771433,2893167,2977763,3559470,4195068,4917140,6058091,5958200,5936536,5959979,6146251
Afghanistan,AFG,,,,,,,,,,,,,,,,,,,,500000,1734921,3879984,4488214,4712735,4417651,4653193,5094283,5511740,5622982,5643989,6339095,6306301,4552153,3374575,2731166,2679132,2674234,2676675,2667118,2601690,3587327,3809763,2510294,2136039,2414460,2166139,2107510,3057655,2833116,2887114,3054699,2664423,2586132,2556483,2596259,2666294,2501447,2624265,2681267,2727556,2594827,2712858
Africa Western and Central,AFW,,,,,,,,,,,,,,,,,,,,,,,,,,,,,,,1056416,1018249,1039785,1741076,1762691,1486476,1434430,1037381,968077,942682,825227,595030,647815,678624,618362,557930,479340,438512,465615,483889,507349,600135,641877,724624,919751,1038377,1090726,1155918,1283440,1354330,1457853,1675914
Angola,AGO,150000,150000,170000,175000,200000,220000,303800,356200,381360,408190,414120,419690,421500,426550,497390,501830,499190,529830,646110,652980,449030,457060,465890,298110,357821,317392,355412,391733,407566,408692,407760,381638,300494,323822,282570,246653,249686,267687,319420,353472,433756,470616,435415,329573,228842,215811,206482,186137,171374,141006,134851,128657,19253,10274,9468,11855,8388,8292,8243,8176,8196,11403
Albania,ALB,,,,,100,4860,4860,4260,4120,4290,4310,390,2300,2090,380,380,,2000,1980,1610,1681,1680,1645,1610,1576,1587,90,129,358,367,1822,3542,4355,4747,5021,5804,5784,5381,5353,6286,6801,7627,10758,10382,10474,12718,14079,15335,15007,15707,14771,13552,12569,10104,10156,10404,11060,12168,13512,15027,15523,19847
Andorra,AND,,,,,,,,,,,,,,,,,,,,,,,,,,,,,,,,,,,,,,,,,,,9,7,,10,10,10,5,5,5,5,6,5,5,5,,,,,,
Arab World,ARB,,,,,,,,,,,,,,,,,,,,,,,,,,,,,,,2212489,2408680,2614889,1906568,2001744,2005023,2035525,1864272,1806064,1816901,1672624,1872875,1895880,1831003,1879604,1797671,3023518,3722655,3328079,3029121,3034184,3205236,3358916,4804187,6199852,7077036,7703238,8568734,8933132,8827545,8876924,9053222
United Arab Emirates,ARE,,,,,,,,,,,,,,,,,,,,,,,,,,,,,,,,,,,,,,,5,5,17,18,29,16,69,31,260,305,255,411,418,484,580,84,84,91,103,137,169,155,181,160
Argentina,ARG,,,,,,,,,,,,,,,,,,,,,38,38,1019,42,42,51,52,47,46,103,332,196,111,97,467,330,218,157,140,585,608,660,764,777,789,850,888,1164,1039,604,553,506,435,381,311,186,120,121,112,99,99,124
Armenia,ARM,,,,,170,,,,200,200,200,4070,3500,,,,,440,420,700,333,333,733,333,333,333,528,208,300,,,,195000,200116,201837,201439,203232,203690,193147,193228,5787,7206,13244,13158,13409,13965,14913,15435,16333,18004,17553,16491,15937,11995,11839,11211,10707,10786,11040,10962,10334,12255
American Samoa,ASM,,,,,,,,,,,,,,,,,,,,,,,,,,,,,,,,,,,,,,,,,,,,,,,,,,,,,,,,,,,,,,
Antigua and Barbuda,ATG,,,,,,,,,,,,,,,,,,,,,,,,,,,,,,,,,,,,,,,,,,5,5,5,13,13,18,24,25,27,28,32,45,50,53,56,82,99,107,117,108,105
Australia,AUS,,,,,,,,,,,,,,,,,,,,,,,,,,,,,,,,,,,,,,,,,,,9,12,11,41,29,57,37,23,38,38,47,27,27,21,15,10,10,20,20,16
Austria,AUT,,,,,,,,,,,,,,,,,,,,,,,,,,,,,,,,,,,60,49,53,54,63,47,33,27,72,68,44,62,30,19,15,15,10,10,15,5,5,,,10,24,18,18,23
Azerbaijan,AZE,,,,,,,,,,,,,,,,,,,,,,,,,,,,,,,,,300000,328005,299092,200519,236086,234949,329655,311131,284278,268755,260217,253248,250584,233678,126068,15922,16321,16945,16756,16168,15541,10808,10508,9707,10118,10893,11246,11626,101468,39478
Burundi,BDI,,,,,,3000,250,,,,,,129000,131895,120880,141940,152320,153550,148180,151680,169770,182950,176270,176550,182910,199810,210620,186910,190153,191441,191619,223942,184129,871376,389698,350575,428680,519116,502555,527437,568070,553987,574552,531626,485753,438695,396533,375720,281583,94221,84053,101282,73354,72636,72477,292750,408066,439320,387850,380900,372951,323635
Belgium,BEL,,,,,,,,,,,,,,,,,,,,,,,,,,,,,,,,,,,,5,5,9,14,15,20,11,21,40,41,95,63,53,58,66,80,88,91,76,76,66,44,52,50,34,28,29
Benin,BEN,,,,,,,,,,,,,,,,,100,,200,200,,,,,,,50,50,50,60,,,,62,72,50,42,41,45,44,47,52,228,274,299,402,207,265,315,409,438,460,451,294,330,400,479,572,659,721,606,730
Burkina Faso,BFA,,,,,,,,,,,,,,,,,,,,,,,,,50,90,110,50,,,,6,61,61,69,60,64,112,100,101,124,90,970,852,575,602,373,557,719,983,1141,1262,1458,1578,1853,2147,2352,2694,11447,11733,15694,20209
Bangladesh,BGD,,,,,,,,,,,,,,,,,,,,,,,,,,,,,5,5,477,613,53921,57154,56196,56958,57962,44375,4659,4470,5404,5544,5804,5563,5733,7303,7796,10235,10097,10428,10046,10047,10159,9720,10868,12154,13842,16780,21022,22766,18948,22672
Bulgaria,BGR,,,,,,,,,,90,320,340,340,340,300,300,,,290,,329,274,257,227,183,190,160,138,898,869,1922,2733,2980,3157,4692,4157,3246,3049,3121,2652,2404,2122,2843,2565,2227,4250,3431,3306,3036,2743,2558,2322,2143,1875,1644,1264,799,716,620,566,510,455
Bahrain,BHR,,,,,,,,,,,,,,,,,,,,,,,,,,,,,,,39,52,53,59,74,70,64,82,94,124,92,46,49,50,52,40,56,65,72,72,81,213,294,274,344,422,461,497,540,557,534,416
"Bahamas, The",BHS,,,,,,,,,,,,,,,,,,,,,,,,,,,,,,,,,,,,,,,,,,,,,,,12,14,11,12,17,184,195,208,216,216,298,378,421,501,534,736
Bosnia and Herzegovina,BIH,,,,,,,,,,,,,,,,,,,,,,,,,,,,,,,,,437501,618428,776090,769753,993868,849240,640077,598193,504980,447326,406456,300012,228813,109931,199948,78267,74358,70006,62996,58572,51815,26787,21883,18763,18194,17690,16956,16556,15578,18189
Belarus,BLR,,,,,,,,,,,,,,,,,,,,,,,,,,,,,,,,,,,37,84,499,300,292,1505,2515,3691,6366,7817,8226,8849,9368,4961,5376,5518,5735,5916,6181,4387,4296,4117,3831,3650,3526,3425,3139,4632
Belize,BLZ,,,,,,,,,,,,,,,,,,,,,,,,,,,,,,,,,,,8,8,5,,,11,12,,,9,6,5,13,13,18,16,21,29,35,37,42,48,58,64,68,73,68,81
Bermuda,BMU,,,,,,,,,,,,,,,,,,,,,,,,,,,,,,,,,,,,,,,,,,,,,,,,,,,,,,,,,,,,,,
Bolivia,BOL,,,,,,,,,,,1400,2930,1730,,1650,90,60,,,,170,100,270,,,,,,,26,729,67,28,40,177,180,177,163,187,176,177,157,215,260,280,263,371,423,455,570,589,615,616,594,594,566,530,520,502,514,535,549
Brazil,BRA,,,,,,,,,,,,2000,2000,,,,,,,,5,5,5,5,5,5,5,,,6,15,11,11,9,41,52,84,103,134,194,220,251,438,377,401,370,703,1623,1401,973,991,1040,1073,982,977,893,803,851,1038,1399,1548,1954
Barbados,BRB,,,,,,,,,,,,,,,,,,,,,,,,,,,,,,,,,,,5,,,,,,5,6,6,8,10,8,28,39,33,28,29,42,50,63,82,95,144,172,211,243,230,265
Brunei Darussalam,BRN,,,,,,,,,,,,,,,,,,,,,,,,,,,,,,,,,,,,5,,,,,,,,,,47,,,,,,,,,,,,,,,,
Bhutan,BTN,,,,,,,,,,,,,,,,,,,,,,,,,,,,,,,,9504,75442,85334,103270,104746,106820,108702,105690,107619,108943,110844,112524,103977,105259,106539,108069,110593,104960,89064,75062,57980,41582,31556,23633,17709,11757,7954,7100,6839,6741,6702
Botswana,BWA,,,,,,,,,,,,,,,,,,,,,,,,,,,,,,5,5,5,5,5,22,27,22,16,16,10,5,,5,5,5,,10,16,29,32,56,88,125,165,234,306,265,279,289,228,191,122
Central African Republic,CAF,,,,,,,,,,,,,,,,,,,,,,,15000,,,,230,160,170,310,100,320,325,309,264,241,240,139,168,190,135,28698,25368,35394,31056,42875,71669,98092,125090,159542,164902,162861,164567,252854,412028,471093,490879,545513,590858,610152,642161,737658
Canada,CAN,,,,,,,,,,,,,,,,,,,,,,,,,,,,,,,,5,5,5,5,5,10,12,16,19,25,5,52,61,57,120,94,530,100,97,86,108,121,94,89,73,76,75,81,71,65,60
Central Europe and the Baltics,CEB,,,,,,,,,,,,,,,,,,,,,,,,,,,,,,,90731,60783,218581,230372,163568,304323,349485,379282,362706,373470,351725,306024,320672,273451,248047,167193,128664,118480,112031,90122,78005,73955,72761,58733,48642,41463,34913,33979,33864,33686,33806,28143
Switzerland,CHE,,,,,,,,,,,,,,,,,,,,,,,,,,,,,,,,,,,8,27,32,54,76,90,69,60,55,34,11,14,38,33,32,19,20,20,16,11,16,16,5,5,5,5,5,
Channel Islands,CHI,,,,,,,,,,,,,,,,,,,,,,,,,,,,,,,,,,,,,,,,,,,,,,,,,,,,,,,,,,,,,,
Chile,CHL,,,,,,,,,,,,,,,13550,15350,2670,3000,3130,3130,1505,1885,2483,1794,1552,2181,2434,1906,608,1201,14547,14006,14042,15265,15475,14274,12801,9775,7005,1539,858,834,1705,1549,1183,929,798,964,988,1305,1163,1182,1145,588,571,554,495,493,479,486,659,987
China,CHN,,,,,1200000,1330000,1326810,74000,70000,65000,66000,70000,75000,,,,,,,,24,24,104,24,24,124,154,24,265,413,1426,2011,82576,111507,113908,104691,105806,106731,109396,111950,110967,117403,132099,132390,134708,124086,140584,149087,175169,180546,184601,190369,193449,195121,210793,212911,207768,207716,212039,212863,175361,170200
Cote d'Ivoire,CIV,,,,,,,,,,,,,,,,,,,,,,,,,,,,,,,,15,37,41,102,203,272,355,531,561,771,856,23731,33625,23649,18333,26304,22222,22218,23148,41747,154818,100709,85650,71956,71107,46811,40009,38316,39351,37525,39940
Cameroon,CMR,,,,,,,,,,,,,,,,,,,,,,,,,,,,,,60,100,,84,170,236,2018,2111,2250,1349,1651,2067,2729,5228,6215,7631,9096,10373,11499,13852,14752,14952,15149,13360,11410,10739,10565,10344,11032,45118,66241,78481,125475
"Congo, Dem. Rep.",COD,,,,,58700,47000,74800,78190,67330,54530,51650,43470,43920,43380,39820,39410,44070,264940,151560,70450,116750,118970,92455,101571,94512,86418,96619,69428,103537,100786,67423,65816,81269,74817,73279,89742,158794,173994,158828,255942,371705,392142,421355,453465,462186,430919,401908,370372,367991,455852,476691,491470,509275,499551,516765,541487,537474,620805,720302,802974,840392,908401
"Congo, Rep.",COG,,,,,,,,930,330,,,,,,,110,,,,,6,6,6,6,6,6,6,,,,,5,7,7,33,172,214,21143,17141,27297,27570,24237,27994,28950,28140,24428,20599,19726,19922,20546,20682,12836,12113,11744,14498,14772,13291,13295,13354,12743,12590,14253
Colombia,COL,,,,,,,,,,,,,,,,,,,,,,50,100,,,60,50,50,35,65,493,738,841,1040,1361,1902,2168,2376,3536,4412,9278,17937,30624,37992,47380,60447,72793,551741,373532,389753,395579,395950,394112,396711,360291,340116,311059,191635,138583,189254,189866,115793
Comoros,COM,,,,,,,,,,,,,,,,,,,,,,,,,,,,,,5,5,,,,5,10,10,5,27,27,25,25,40,62,52,64,73,93,376,268,365,420,449,509,580,550,572,600,624,658,748,1670
Cabo Verde,CPV,,,,,,,300,300,430,400,400,,,,,,,,,,,,,,,,,,,,,,,,,,,,,,,5,5,7,5,,34,28,27,22,22,22,22,22,27,27,10,5,10,10,5,10
Costa Rica,CRI,,,,,,,,,,,,,,,,,,,,,,,,,,,,,,,,,5,5,222,209,136,86,50,73,55,86,97,91,136,176,283,361,354,344,352,332,325,463,414,374,202,195,207,206,208,235
Caribbean small states,CSS,,,,,,,,,,,,,,,,,,,,,,,,,,,,,,,6625,5926,2545,899,1031,920,871,765,628,609,530,473,516,677,990,1594,2280,3026,3299,3540,3857,4560,5138,5641,6199,6332,5657,6010,6356,6080,5692,5275
Cuba,CUB,,,,,,,,,,14500,16700,54500,17070,,1600,,,,,3560,1695,2705,655,925,1356,1876,686,836,3874,7680,13520,17614,21273,22409,23320,24857,25462,24911,23559,23322,20077,18950,18035,16084,15671,19003,33580,7496,7928,7537,7460,7845,7722,7453,7497,6827,5940,5331,5488,6625,8912,11534
Curacao,CUW,,,,,,,,,,,,,,,,,,,,,,,,,,,,,,,,,,,,,,,,,,,,,,,,,,,,,,35,35,35,35,35,35,35,35,35
Cayman Islands,CYM,,,,,,,,,,,,,,,,,,,,,,,,,,,,,,,,,,,,,,,,,,,,,,,,,,,,,,6,6,6,6,6,6,6,5,5
Cyprus,CYP,,,,,,,,,,,,,,,,,,700,,,,,,,,,,,11,11,11,,,,6,9,9,7,10,17,12,5,5,5,,5,5,10,10,10,10,10,10,10,10,,,,7,,,5
Czechia,CZE,,,,,,,,,,,70,70,70,60,50,50,,,,,393,389,494,421,456,981,411,385,5649,5790,6123,4491,3327,5017,4650,2040,977,695,1929,1243,809,1177,6985,6699,4528,3589,2136,1379,1354,1060,811,758,620,984,1321,1280,1266,1272,1236,1166,1112,758
Germany,DEU,,,,,,,,,,,,,,,,,,,,,,,,,,,,,,,,5,5,8,449,384,421,443,689,1297,1182,1028,924,719,74,75,114,126,162,167,159,169,174,164,170,153,67,66,61,69,71,59
Djibouti,DJI,,,,,,,,,,,,,,,,,,,,,,,,,,,,,,,5,10,10,36,18065,18092,18096,8143,3222,1879,1911,451,470,520,492,498,479,645,638,613,556,595,626,747,870,1059,1437,1761,2124,2351,2419,2607
Dominica,DMA,,,,,,,,,,,,,,,,,,,,,,,,,,,,,,,,,,,,,,,,,,5,6,17,24,30,49,58,56,51,51,49,52,41,35,35,20,26,36,50,55,54
Denmark,DNK,,,,,,,,,,,,,,,,,,,,,,,,,,,,,,,,,,,11,18,34,33,28,25,26,5,6,10,10,10,10,15,10,10,6,6,6,6,11,11,,,,5,5,8
Dominican Republic,DOM,,,,,,,,,,,,,,,,,,,50,,,,,,,,,,,,,,,,30,30,29,50,42,45,48,45,82,89,93,62,141,352,313,222,238,239,280,298,348,382,359,427,472,546,550,635
Algeria,DZA,,,,,,,,,,,,,,,,,,,,,,5,5,5,5,5,,,5,5,18,55,69,84,20744,1522,2245,3409,5717,7140,8015,8399,12088,11651,10650,12024,8338,10599,9044,8168,6665,6093,5657,3643,3509,3470,3705,4021,4181,4514,4571,6003
East Asia & Pacific (excluding high income),EAP,,,,,,,,,,,,,,,,,,,,,,,,,,,,,,,694674,712093,976752,1013117,930482,932852,891029,870773,839444,926517,849400,792352,784760,707822,711077,727756,804900,724560,740925,976585,987126,988857,989975,1031144,1044256,1017832,1066146,1736104,1728633,1642823,1632669,1703708
Early-demographic dividend,EAR,,,,,,,,,,,,,,,,,,,,,,,,,,,,,,,2159783,1269442,1706024,1643657,3439183,2825104,1584063,1117508,1022948,978981,970228,1166946,1481756,1324969,1306280,1360426,1398937,1317736,1300535,1265184,1259110,1246104,1957047,3653180,5372014,6515085,7008878,8517766,8911634,8922334,9194273,9515242
East Asia & Pacific,EAS,,,,,,,,,,,,,,,,,,,,,,,,,,,,,,,694674,712098,976757,1013122,930771,933101,891189,870890,839567,926635,849515,792465,785080,708146,711437,728168,806559,726465,742375,977427,988000,989679,990851,1031920,1045117,1018443,1066540,1736490,1729050,1643140,1632967,1704048
Europe & Central Asia (excluding high income),ECA,,,,,,,,,,,,,,,,,,,,,,,,,,,,,,,128733,214129,1313855,1550938,1715089,1594481,2081681,1925258,1687167,1509242,1154078,1096678,1513451,1365930,1220953,1030491,1038551,680043,704068,650636,631963,597997,581352,282389,500027,563441,472601,373244,335571,318640,381267,354350
Europe & Central Asia,ECS,,,,,,,,,,,,,,,,,,,,,,,,,,,,,,,217569,272190,1529461,1778161,1875021,1895739,2429519,2303061,2048220,1882064,1505244,1402064,1833354,1638637,1467808,1195080,1167073,796107,813898,738786,708202,670469,652844,340100,547913,604489,507228,407075,369424,352345,415106,382622
Ecuador,ECU,,,,,,,,,,,,,,,,,,,,,,,,,,,,,,,5,27,38,48,174,203,216,215,507,492,669,649,815,720,718,772,878,1329,1063,1029,859,912,848,711,807,1006,1041,1251,1424,1644,1689,1825
"Egypt, Arab Rep.",EGY,,,,,,,,,,,,,,,,,,,50,,,5,5,6,6,7,8,8,14,13,50,98,210,257,501,870,1198,1720,2606,3486,3954,4677,6442,5734,5361,6288,7608,6789,6777,6983,6903,7922,10014,12804,15899,17929,19792,22106,24850,27416,26553,27498
Euro area,EMU,,,,,,,,,,,,,,,,,,,,,,,,,,,,,,,32,16,79,28552,16222,14457,8790,8692,6766,7029,6224,3571,8755,8584,7169,6928,8518,2389,2471,2475,2240,2385,2537,1800,1750,1647,1756,1892,2230,2324,2321,2348
Eritrea,ERI,,,,,,,,,,,,,,,,,,,,400,542,1542,1585,1385,1385,1385,177,167,133,43,43,500633,503200,427208,422432,286711,332222,319076,346779,347134,376847,333222,318167,124111,131108,144062,193738,208747,186392,209164,222457,251941,285356,308210,363081,407428,457247,486209,507260,504300,524738,511911
Spain,ESP,,,,,,,,,,,680,670,650,390,210,140,510,,,,5,5,50,600,60,60,,60,,,,,,,42,36,217,214,57,49,75,45,58,51,53,49,2442,37,26,34,41,42,55,56,60,60,34,39,46,51,52,55
Estonia,EST,,,,,,,,,,,,,,,,,,,,,,,,,,,,,,,,,59,95,296,350,1309,1265,792,634,460,483,1058,1021,849,738,622,258,248,249,242,225,455,349,340,315,303,288,281,274,277,271
Ethiopia,ETH,,,,,,,,28600,31000,31000,54350,55200,44640,46300,49200,91410,105700,655350,887670,1623870,2567998,1363266,1334915,1351917,1546134,1749309,1534548,1487663,1513307,1474919,1345928,251243,313131,251828,226429,100986,96264,84386,70663,71040,66396,58980,61235,62674,63153,65447,74007,59845,63863,62877,68838,70601,74964,77109,86857,85839,83958,87448,92232,93467,151426,149125
European Union,EUU,,,,,,,,,,,,,,,,,,,,,,,,,,,,,,,90758,60794,218586,230380,164517,305326,350996,380732,364015,375295,353399,307351,322508,275075,248917,168659,131728,119129,112647,90719,78620,74614,73458,59415,49352,42148,35328,34432,34374,34187,34277,28618
Fragile and conflict affected situations,FCS,,,,,,,,,,,,,,,,,,,,,,,,,,,,,,,11530466,11127309,10026663,8635217,6598728,5853644,5952110,5847044,5716262,5986102,6975111,7337791,6134459,5495919,5800003,5410593,6596052,8198726,7480478,7430135,7654401,7485933,7826193,9438936,11894598,13460725,14763393,17525546,17941970,17931544,18107496,18873785
Finland,FIN,,,,,,,,,,,,,,,,,,,,,,,,,,,,,,,,,,,,,,,5,5,5,,8,6,,5,10,5,,6,6,6,5,5,5,10,5,5,5,,,5
Fiji,FJI,,,,,,,,,,,,,,,,,,,,,,,,,,,,,,,,,19,89,156,222,305,326,301,328,401,731,1071,1088,1280,1376,1681,1824,1862,1888,1849,1576,1314,1109,927,887,791,734,675,591,516,414
France,FRA,,,,,,,,,,,,,,,,,,,,,,,,,,,,,,,,,,,20,14,46,60,62,60,74,41,92,110,112,286,79,99,97,80,90,92,94,92,84,90,50,54,59,50,49,38
Faroe Islands,FRO,,,,,,,,,,,,,,,,,,,,,,,,,,,,,,,,,,,,,,,,,,,,,,,,,,,,,,,,,,,,,,
"Micronesia, Fed. Sts.",FSM,,,,,,,,,,,,,,,,,,,,,,,,,,,,,,,,,,,,,,,,,,,,,,,,,,,,,,,,,,,,,,
Gabon,GAB,,,,,,,,,,,,,,,,,,,,,,,,,,,,,,,,,17,17,22,27,22,17,27,27,27,24,34,37,50,78,96,116,132,145,167,180,189,180,179,174,167,216,342,440,454,620
United Kingdom,GBR,,,,,,,,,,,,,,,,,,,,,,,,,,,,,,,,,,,106,75,69,75,88,102,109,104,158,146,141,134,170,198,182,155,152,150,150,140,137,128,78,85,84,69,62,101
Georgia,GEO,,,,,,,,,,,,,,,,,,,,,,,,,,,,,,,,,,6010,5114,305,48485,47159,35665,29873,21818,17490,16970,12488,6620,7289,6337,11805,12597,15015,10636,10115,9266,6787,6687,6505,6405,6535,6983,7519,7346,9754
Ghana,GHA,,5000,5000,5000,5000,5000,,,,,,,,,,,,,,,,,310,1958,2202,3195,2699,3916,4769,4716,4690,4702,4776,4471,14284,13594,15100,14772,13625,13288,14760,14547,15675,15866,14759,18421,9949,5042,13225,14876,20175,20333,24269,21048,22116,22962,15527,16959,18071,18432,13844,14251
Gibraltar,GIB,,,,,,,,,,,,,,,,,,,,,,,,,,,,,,,,,,,,,,,,,,,,,,,,,,,,,,,,,,,,,,
Guinea,GIN,,,,,,,,,,,,300,,,,300000,500000,3000,,,,,50,,70,,50,50,50,50,,,16,27,101,441,520,641,911,1148,1489,2009,3417,3868,4777,5816,6830,8269,9481,10912,11978,13164,14062,14559,15247,16995,17536,20333,23493,26857,26792,34403
"Gambia, The",GMB,,,,,,,,,,,,,,,,,,,,,,,,,,,,,,,5,16,25,27,24,156,308,421,574,678,751,732,858,744,684,1680,1249,1257,1336,1966,2233,2572,3063,3382,5122,8473,11589,14564,17237,17813,10579,11042
Guinea-Bissau,GNB,,,,6000,30000,50000,61050,59520,56740,67800,66660,80000,82000,84000,90000,46000,37000,5000,5000,5000,5000,4000,5000,5000,5010,5350,5355,5000,4999,5001,5001,5006,5006,5006,5011,830,854,865,8885,3187,880,917,978,969,1008,1042,1000,1018,1053,1100,1117,1118,1173,1222,1306,1472,1650,1870,2043,2093,1638,2039
Equatorial Guinea,GNQ,,,,,,,,,,,,,,,1000,90000,90000,120000,90000,40000,38000,18000,18000,,,,,,,,,60,115,214,340,342,398,474,419,422,504,526,549,584,540,478,460,402,381,341,306,261,230,196,168,142,131,127,140,156,145,168
Greece,GRC,,,,,,17690,7090,23420,21820,21590,21290,1480,6610,5900,580,510,450,410,380,360,340,320,300,280,260,,,,6,6,16,6,,,93,221,247,175,173,163,124,93,296,268,221,333,93,92,67,61,52,54,48,88,108,111,101,106,107,95,90,87
Grenada,GRD,,,,,,,,,,,,,,,,,,,,,,,,,,,,,9,5,5,5,,,5,6,10,11,19,35,23,53,73,76,98,151,199,293,310,332,344,325,316,330,324,270,100,103,96,80,70,52
Greenland,GRL,,,,,,,,,,,,,,,,,,,,,,,,,,,,,,,,,,,,,,,,,,,,,,,,,,,,,,,,,,,,,,
Guatemala,GTM,,,,,,,,,,,,,,,,,,,,,750,1910,36490,41800,47880,52890,52800,53700,53753,45413,47988,52584,53940,50265,49606,42901,40341,37506,32745,28082,20709,16868,13892,6696,4374,3376,6493,6157,5927,5763,5675,6087,6389,6620,7487,10284,12549,16284,19128,22770,24544,26927
Guam,GUM,,,,,,,,,,,,,,,,,,,,,,,,,,,,,,,,,,,,,,,,,,,,,,,,,,,,,,,,,,,,,,
Guyana,GUY,,,,,,,,,,,,,,,,,,,,,,,,,,,,,,,,,,,69,59,54,37,38,47,35,36,50,75,191,405,535,676,707,724,746,768,800,800,700,508,269,260,283,284,267,285
High income,HIC,,,,,,,,,,,,,,,,,,,,,,,,,,,,,,,105012,73522,230968,243645,179457,318897,363791,390336,370632,376559,353819,307842,324040,276776,250547,168257,135447,125764,118636,96884,85653,83275,83432,67886,58443,51210,39944,39707,40424,40499,41178,36759
"Hong Kong SAR, China",HKG,,,,,,,,,,,,,,,,,,,,,,,,,,,,,,,,,,,257,202,102,47,39,17,10,5,,6,7,,8,9,9,10,16,14,18,24,25,33,15,11,11,5,15,96
Honduras,HND,,,,,,,,,,,,,,,,,,,,,,,,,,,100,,,5,18,21,41,450,1212,1218,1256,1243,1097,1066,904,783,675,606,485,536,1035,1236,1116,1165,1300,1967,2612,3299,4157,6847,10509,14424,18857,26351,34456,51687
Heavily indebted poor countries (HIPC),HPC,,,,,,,,,,,,,,,,,,,,,,,,,,,,,,,11718333,11130997,9714970,9404502,9204830,8083939,6803564,5976327,5785203,5884953,6925065,6804380,5578786,5094182,5379707,5022510,4931372,5607725,5273616,5390386,5709547,5892737,6007757,6117189,6369463,6953390,6848916,7168392,7375253,7518215,7514213,7852186
Croatia,HRV,,,,,,,,,,,,,,,,,,,,,,,,,,,,,,,,,168570,151689,76256,245572,310090,349307,338085,353721,335200,290283,274822,230193,215480,119154,93768,100429,97016,76479,65863,62653,62606,49755,40121,33452,26231,24869,24105,23793,23451,18083
Haiti,HTI,,,,,,,,,,,,,,,1000,,,,300,3300,3800,5000,5000,5230,5440,6100,5120,5080,4699,3344,2092,1857,2483,3861,9800,13927,15119,15479,13539,8768,7564,7246,7722,7550,9209,13538,20834,22275,23059,24110,25886,33652,38559,38644,37147,34762,29671,28424,27517,26734,25649,29454
Hungary,HUN,,,,,,3270,3270,3270,3270,3360,3490,220,210,170,150,140,50,,120,,763,744,728,607,430,435,381,329,3887,4359,5767,4734,3994,5014,4468,2349,3082,2670,1243,797,512,949,3515,3394,2747,3516,3117,3384,1612,1535,1435,1234,1085,1218,1264,1447,2909,3336,3927,4007,4617,4653
IBRD only,IBD,,,,,,,,,,,,,,,,,,,,,,,,,,,,,,,2661841,2942685,4096160,3738665,3843145,3777443,4145989,4017488,3821105,3640687,3231588,3170629,3564618,3133399,2795975,2465408,3737038,4635050,4079580,3897702,3753668,3457823,2653233,1948321,2114912,2061857,2006175,1880138,1844442,1914867,2062124,2031230
IDA & IBRD total,IBT,,,,,,,,,,,,,,,,,,,,,,,,,,,,,,,14572624,14293113,14376307,13728786,13600727,12399080,11612655,10622769,10101909,10115940,10676388,10447482,9633929,8684284,8639087,7965255,9120088,10681187,9785742,9940917,10119300,9992652,10094775,11321483,14003844,15701616,16751084,19437081,19836853,19916299,20170538,20909689
IDA total,IDA,,,,,,,,,,,,,,,,,,,,,,,,,,,,,,,11910783,11350428,10280147,9990121,9757582,8621637,7466666,6605281,6280804,6475253,7444800,7276853,6069311,5550885,5843112,5499847,5383050,6046137,5706162,6043215,6365632,6534829,7441542,9373162,11888932,13639759,14744909,17556943,17992411,18001432,18108414,18878459
IDA blend,IDB,,,,,,,,,,,,,,,,,,,,,,,,,,,,,,,617,714,1342,1878,43325,21143,96080,112243,87712,255984,174302,125549,124297,103124,108140,111962,99865,107651,116480,128275,136405,131168,139655,140230,492202,529034,391504,424203,497464,535476,599055,676835
Indonesia,IDN,,,,,,,,,,,,,,,,,,,1000,1000,1000,150,2200,1230,11020,11800,11340,9680,9301,7775,7168,6164,6829,7925,8727,9836,11365,8800,9054,9023,9152,8972,9907,16240,27919,34383,34722,20549,19339,18207,16882,16069,15514,14775,14393,13947,13056,12485,12148,12039,13029,13962
IDA only,IDX,,,,,,,,,,,,,,,,,,,,,,,,,,,,,,,11910166,11349714,10278805,9988243,9714257,8600494,7370586,6493038,6193092,6219269,7270498,7151304,5945014,5447761,5734972,5387885,5283185,5938486,5589682,5914940,6229227,6403661,7301887,9232932,11396730,13110725,14353405,17132740,17494947,17465956,17509359,18201624
Isle of Man,IMN,,,,,,,,,,,,,,,,,,,,,,,,,,,,,,,,,,,,,,,,,,,,,,,,,,,,,,,,,,,,,,
India,IND,,,,,,,,,,,,,,,,,,,,,,,,,,,,,10,13,197,406,1021,1491,3266,5011,7546,8918,9663,9846,11397,11560,14349,13703,13335,16275,17797,20455,19551,19496,17766,16226,14245,11032,10431,9882,7288,7926,9586,11787,12398,14230
Not classified,INX,,,,,,,,,,,,,,,,,,,,,,,,,,,,,,,,,,,,,,,,,,,,,,,,,,,,,,,,,,,,,,
Ireland,IRL,,,,,,,,,,,,,,,,,,,,,,,,,,,,,,,,,,,5,,,,,,5,5,5,6,5,23,5,9,7,7,7,7,7,7,7,5,,,,,,5
"Iran, Islamic Rep.",IRN,,,,,,,,,,,,,,,,,,,,,48,803,2480,5577,5244,88245,87921,10992,58259,52798,75889,130366,128781,115516,121288,112360,104122,93986,89967,86845,88266,92490,138362,122530,115171,99430,102479,68398,69051,72771,68785,72366,75932,75061,82202,84950,94102,118639,129941,128998,135018,142989
Iraq,IRQ,,,,,,,,,2700,2700,,,,,,,,,560,31000,31098,66589,103766,103721,101724,401503,400745,410818,508468,507986,1133805,1321853,1343824,771074,749833,718717,714727,707342,675030,642875,526165,530508,422504,368577,311889,262302,1450908,2309246,1903516,1785215,1683576,1428306,746204,401461,369960,264086,316056,362536,372332,336274,333200,343897
Iceland,ISL,,,,,,,,,,,,,,,,,,,,,,,,,,,,,,,,,,,,,5,5,5,5,5,,13,11,8,10,32,10,10,5,5,,,,,,,5,5,5,5,5
Israel,ISR,,,,,,,,,,,,,,,,,,,,,,,,,,,,,5,5,14,28,37,114,888,937,1121,988,832,473,414,361,561,626,669,624,876,1539,1486,1298,1290,1323,1326,1026,967,787,487,469,492,452,373,453
Italy,ITA,,,,,,,,,,,,,,,,,,,,,,,,,,,,,,,,,,,145,120,109,112,76,49,46,36,223,208,192,219,106,84,57,42,45,57,65,64,63,69,49,52,69,76,62,61
Jamaica,JAM,,,,,,,,,,,,,,,,,,,,,,,,,,,,,,,,,,5,10,11,18,21,26,33,37,37,147,260,350,489,661,766,825,908,1055,1248,1404,1501,1682,1857,1998,2224,2448,2529,2526,2419
Jordan,JOR,,,,,,,,,,,,,,,,,,,,,,,,,5,105,5,5,7,14,56,114,183,239,440,511,707,720,897,970,915,773,1280,1149,1158,1778,1592,1777,1882,2109,2248,2242,2363,1622,1711,1836,1919,2119,2430,2308,2486,2981
Japan,JPN,,,,,,,,,,,,,,,,,,,,,,,,,,,,,,,,,,,7,5,,,,,5,5,14,17,19,10,166,519,183,148,149,176,173,154,257,140,53,44,42,39,40,39
Kazakhstan,KAZ,,,,,,,,,,,,,,,,,,,,,,,,,,,,,,,,,,,24,137,40163,40772,20458,9059,2537,2803,6317,6563,6124,4321,7374,5232,4825,3741,3631,3497,3567,2114,2219,2263,2366,2406,2520,2757,2741,3198
Kenya,KEN,,,,,,,,,,,,,,,,90,,1200,80,80,,,,,,,,,,,7,31,61,83,8772,9320,9390,9563,6037,6131,2367,2551,3089,3159,3842,4638,5356,7544,9682,9609,8585,8731,8946,8580,8546,7902,7526,7567,7480,7705,7422,7529
Kyrgyz Republic,KGZ,,,,,,,,,,,,,,,,,,,,,,,,,,,,,,,,,,,13,20,17118,16321,7450,4003,747,687,2952,3142,3286,3127,2493,2257,2526,2611,2748,3163,3490,2299,2449,2498,2571,2771,2934,2963,2883,3035
Cambodia,KHM,,,,,,,,,,,,57000,55000,35000,,18830,17200,76710,165120,51100,192843,135077,123398,91115,72468,67518,54848,48589,97758,75725,54364,43166,28849,9751,8536,61224,62240,103239,76575,38318,36851,34756,33451,31404,18109,17804,17963,17700,17250,17022,16308,15201,14016,13738,13066,12802,12428,12238,12139,11986,11862,12072
Kiribati,KIR,,,,,,,,,,,,,,,,,,,,,,,,,,,,,,,,,,,,,,,,,,,,15,31,31,39,36,36,31,31,31,34,21,5,,,,,,,
St. Kitts and Nevis,KNA,,,,,,,,,,,,,,,,,,,,,,,,,,,,,,,,,,,,,,,,,,,,,,31,,,,,10,7,10,12,20,25,49,51,58,57,54,47
"Korea, Rep.",KOR,,,,,,,,,,,,,,,,,,,,,,,,,,,,,,,,5,5,5,17,29,40,50,63,72,69,83,244,236,269,266,1333,1183,1099,567,578,508,555,495,478,346,243,239,274,180,146,117
Kuwait,KWT,,,,,,,,,,,,,,,,,,,,,,,,,,,,,,,46,49,77,91,758,764,854,824,827,988,688,696,705,615,391,374,610,741,847,936,986,1112,1189,971,974,1076,1013,1097,1251,1300,1422,1702
Latin America & Caribbean (excluding high income),LAC,,,,,,,,,,,,,,,,,,,,,,,,,,,,,,,154727,159359,157182,140286,151401,140501,135777,129943,118212,109363,81889,83720,92633,88771,93325,113834,158668,618226,439462,454612,462136,474383,480919,486541,453127,439080,411652,306150,268319,344659,365219,327684
Lao PDR,LAO,,,,,,,,,,,,,,,,55510,62720,78970,119180,128770,105256,89990,80588,85043,86673,99303,91214,78894,135866,133496,135634,122328,96158,74500,54895,58197,46908,37369,29018,21393,16090,12625,11233,10360,16114,24441,26445,10012,8596,8397,8412,8086,7981,7736,7476,7359,7229,7056,6943,6757,6665,6778
Lebanon,LBN,,,,,,,,,,,,,,,,,,,,,,,12590,27270,30060,33140,630,,439,2197,6993,8501,10257,10629,15649,13513,10888,10228,9782,7677,10208,8754,26313,24929,19854,18325,12249,13089,12966,16250,15864,15004,15100,3809,4262,4353,4719,5301,5620,5647,5495,6061
Liberia,LBR,,,,,,,,,,,,,,,,,,,,,,,,,,,,,30,50,735687,673433,520914,704048,797834,744627,783992,493324,365390,294685,266926,244603,275414,353340,335466,231136,160543,91542,75221,71601,70133,66779,23428,17548,13561,9972,6558,6039,5508,5365,5195,5384
Libya,LBY,,,,,,,,,,,,,,,,,,,,,205,226,259,275,291,327,304,250,659,653,579,841,687,595,669,622,271,266,432,563,603,877,1443,1553,1696,1556,1557,1939,2068,2189,2297,4372,5233,3298,4187,6077,8831,11205,13868,16033,17523,19090
St. Lucia,LCA,,,,,,,,,,,,,,,,,,,,,,,,,,,,,,,,,,,,,,,5,10,12,9,12,16,32,96,163,227,288,312,334,432,567,711,921,1011,993,995,1025,843,726,457
Latin America & Caribbean,LCN,,,,,,,,,,,,,,,,,,,,,,,,,,,,,,,170746,174606,172312,156527,168124,155698,149513,140554,125968,111589,83363,85126,95013,91058,95934,117605,163726,624864,446848,462724,470611,483996,491192,496493,462707,448051,420669,317028,291071,439724,538350,529528
Least developed countries: UN classification,LDC,,,,,,,,,,,,,,,,,,,,,,,,,,,,,,,12258453,11676788,10465754,10198527,9888321,8741162,7447530,6620964,6403899,6643817,7738359,7612688,6279215,5640401,5841632,5490504,5434782,6076711,5703966,5993465,6276899,6329250,6458029,6659557,7414985,8143116,8759185,10753183,10766888,10765042,10714645,11241422
Low income,LIC,,,,,,,,,,,,,,,,,,,,,,,,,,,,,,,11534224,10975628,9572602,9277280,9063734,7934935,6655192,5821160,5646227,5778494,6832910,6717375,5471120,4979816,5276116,4911688,4803085,5488013,5131796,5252402,5547534,5614738,6578415,8472916,10654580,12401078,13640641,15752152,16125886,16153790,16172994,16757428
Liechtenstein,LIE,,,,,,,,,,,,,,,,,,,,,,,,,,,,,,,,,,,,,,,,,,,,,,,,,,,,,,,,,,,,,,5
Sri Lanka,LKA,,,,,,,,,,,,,,,,,,,,,,,,,,160,315,219,3388,7692,208271,209349,128115,91837,114454,107587,109576,122277,114971,116698,124156,122414,133240,122005,114050,108132,116948,134945,137742,145711,141064,136602,132720,123074,121991,121427,117472,115632,113955,110341,142664,151107
Lower middle income,LMC,,,,,,,,,,,,,,,,,,,,,,,,,,,,,,,1618263,1708109,1926902,1900030,1915127,1826626,1933509,1879556,1772630,1868471,1856035,2070118,2317580,2034724,1899386,1900632,1872130,1726578,1727863,1687747,1693340,1787654,1621641,1582354,2158861,2257203,2063816,2704324,2742730,2679097,2788800,3005218
Low & middle income,LMY,,,,,,,,,,,,,,,,,,,,,,,,,,,,,,,14501674,14311770,14269535,13627759,13554884,12198895,11369637,10348295,9844307,9874094,10462215,10514671,9778201,8795127,8770077,8180115,9368610,10915238,10023014,9953517,10140964,10018386,10121449,11362971,14057230,15762445,16819122,19505733,19895441,19899548,20082260,20804137
Lesotho,LSO,,,,,,,,,,,,60,,,110,310,,90,160,160,70,80,,,,,,,,5,5,5,,55,,,,,,,,,5,5,5,,5,5,5,5,5,5,5,10,16,16,5,6,6,6,6,6
Late-demographic dividend,LTE,,,,,,,,,,,,,,,,,,,,,,,,,,,,,,,927021,987561,1596693,1637938,1679696,1540448,1638050,1621499,1582587,1421955,1153035,1144963,1483550,1427522,1349097,1305779,1284149,1544447,1426418,1490071,1478790,1452623,1444896,1225141,1196553,1165910,1138668,1021363,975188,1008730,1081691,979983
Lithuania,LTU,,,,,,,,,,,,,,,,,,,,,,,,,,,,,,,5,5,10,15,63,107,659,650,276,251,155,210,1365,1535,1470,1440,936,461,486,496,508,523,487,217,182,143,74,73,66,61,58,54
Luxembourg,LUX,,,,,,,,,,,,,,,,,,,,,,,,,,,,,,,,,,,,,,,,,,,,,,,,,,,,,,,,,,,,5,5,
Latvia,LVA,,,,,,,,,,,,,,,,,,,,,,,,,,,,,,,,,5,5,95,158,1956,1916,1014,903,484,610,3080,3173,2822,2428,1424,660,765,787,712,706,662,228,206,187,165,162,152,144,143,122
"Macao SAR, China",MAC,,,,,,,,,,,,,,,,,,,,,,,,,,,,,,,,,,,,,,,,,5,5,13,13,18,8,8,8,8,8,8,8,,,5,5,5,,,,,
St. Martin (French part),MAF,,,,,,,,,,,,,,,,,,,,,,,,,,,,,,,,,,,,,,,,,,,,,,,,,,,,,,,,,,,,,,
Morocco,MAR,,,,,,,,,,,,,,,,,,,,,,,,,,,,,5,5,14,46,92,105,179,300,302,309,351,373,394,357,1266,1291,1313,2914,4699,4036,3520,2277,2276,2305,2394,1290,1523,1760,2240,3089,3873,4642,4467,5385
Monaco,MCO,,,,,,,,,,,,,,,,,,,,,,,,,,,,,,,,,,,,,,,,,,,,,,,,,,,,5,5,5,5,5,5,5,5,5,,
Moldova,MDA,,,,,,,,,,,,,,,,,,,,,,,,,,,,,,,,,,5,455,524,5826,5137,2750,2405,2650,3731,10121,11141,11936,12065,11680,4913,5551,5928,6204,6261,6148,2210,2230,2289,2316,2339,2397,2427,2206,2190
Madagascar,MDG,,,,,,,,,,,,,,,,,,,,,,,,,,,,,,,,,,,,77,76,74,66,53,51,36,52,86,132,201,258,282,278,271,266,287,299,298,279,285,292,292,298,298,268,425
Maldives,MDV,,,,,,,,,,,,,,,,,,,,,,,,,,,,,,,,,,,,,,,,,,,,,,10,15,15,15,15,16,21,22,30,32,39,58,64,74,75,78,80
Middle East & North Africa,MEA,,,,,,,,,,,,,,,,,,,,,,,,,,,,,,,1228222,1530362,1584150,985831,1019334,950041,945259,916304,878676,864220,761559,1005807,1063473,915026,844370,776846,1943083,2779040,2372264,2017324,1908772,1661549,1696340,3074835,4475952,5377343,6098281,6969775,7351472,7282543,7373462,7553754
Mexico,MEX,,,,,,,,,,,,,,,,,,,,,,,,,,,,,,,,,,,248,361,520,663,1011,1358,1288,1592,1668,1650,1740,2309,3301,5568,6160,6433,6809,7471,8438,9396,10672,11340,10387,11679,12870,14621,15398,16403
Marshall Islands,MHL,,,,,,,,,,,,,,,,,,,,,,,,,,,,,,,,,,,,,,,,,,,,,,,,,,,,,,5,5,5,5,7,7,7,7,7
Middle income,MIC,,,,,,,,,,,,,,,,,,,,,,,,,,,,,,,2967450,3336142,4696933,4350479,4491150,4263960,4714445,4527135,4198080,4095600,3629305,3797296,4307081,3815311,3493961,3268427,4565525,5427225,4891218,4701115,4593430,4403648,3543034,2890055,3402650,3361367,3178481,3753581,3769555,3745758,3909266,4046709
North Macedonia,MKD,,,,,,,,,,,,,,,,,,,,,,,,,,,,,,,,,,1895,346,12881,13039,12742,1934,2091,2175,12192,8102,5981,5106,8603,7937,8072,7513,7921,7880,7677,7582,1622,1752,1769,1730,1653,1721,1784,1576,1842
Mali,MLI,,,,,,,,,,,,,,,,,,,,,,,,,,,,,,,,14705,71190,98575,172903,77218,55192,18014,3699,381,364,311,525,456,476,512,586,4489,1751,2927,3659,4289,149930,152812,139249,154202,156415,150305,158267,164466,164588,183392
Malta,MLT,,,,,,,,,,,,,,,,,,,,,,,,,,,,,,,,,,,7,13,18,14,15,23,17,7,7,6,,,25,10,10,10,5,5,5,5,,,,,5,5,5,7
Myanmar,MMR,,,,,,,,,,,,,5700,,,,,,160000,,,,,,,,,,7,,24,40052,245127,281571,204512,152301,143019,135771,133408,131661,137121,145849,148493,151370,160997,164851,202817,191308,184410,406667,415662,414615,415363,479594,479006,451804,490285,1156742,1145149,1076826,1103245,1177029
Middle East & North Africa (excluding high income),MNA,,,,,,,,,,,,,,,,,,,,,,,,,,,,,,,1228123,1530233,1583983,985562,1017373,947957,942933,914012,876512,862360,760249,1004645,1061989,913462,842951,775615,1940562,2775542,2368770,2013839,1905162,1657528,1691950,3071865,4472919,5374224,6095220,6966286,7347451,7278275,7368864,7548749
Montenegro,MNE,,,,,,,,,,,,,,,,,,,,,,,,,,,,,,,,,,,,,,,,,,,,,,,136,555,1280,2578,3243,3699,4052,542,601,646,713,704,715,659,530,623
Mongolia,MNG,,,,,,,,,,,,,,,,,,,,,,,,,,,,,,,,,,,,,5,10,17,25,25,57,277,324,443,655,866,1103,1329,1490,1720,1982,2111,2054,2162,2198,2282,2227,2249,2364,2277,2508
Northern Mariana Islands,MNP,,,,,,,,,,,,,,,,,,,,,,,,,,,,,,,,,,,,,,,,,,,,,,,,,,,,,,,,,,,,,,
Mozambique,MOZ,,,,,10000,17000,20800,27750,33750,43120,60070,60410,64400,69800,80960,34750,580,120,130,370,120,5170,20200,50200,51200,72250,193550,635000,921237,1120756,1247991,1316635,1445474,1172548,234495,125561,34656,33652,56,26,24,45,129,106,94,93,216,213,198,130,120,147,155,51,55,55,48,48,57,77,81,90
Mauritania,MRT,,,,,,,,,,,,,,,,,,,,,,,,,,,,,,48236,65995,79874,79594,67887,68039,84310,83231,70294,70221,29942,29742,29850,30130,30518,31104,31650,33420,33095,45592,39134,37721,39919,33747,34239,34103,34656,36263,36525,37050,37423,37931,39279
Mauritius,MUS,,,,,,,,,,,,,,,,,,,,,,,,,,,,,,,,,,,,12,10,,12,5,29,30,39,54,15,22,75,67,20,21,25,36,57,72,91,101,106,130,156,178,176,198
Malawi,MWI,,,,,,,150,300,140,190,250,250,250,100,80,30350,60,1050,310,460,420,70,240,440,440,450,440,450,5,5,55,50,50,43,60,37,40,37,27,34,34,26,48,60,95,98,112,93,103,126,168,216,273,323,356,429,427,434,472,514,514,513
Malaysia,MYS,,,,,,,,,,,,,,,,,,,,,,,,,,,,,,,,5,5,5,83,82,105,88,87,83,79,77,117,235,287,388,575,611,607,530,550,531,523,478,458,435,453,540,817,906,1058,1182
North America,NAC,,,,,,,,,,,,,,,,,,,,,,,,,,,,,,,,13,13,15,369,248,151,87,66,57,198,225,435,455,508,796,1447,2694,2226,2464,3105,3883,4575,4849,5069,4897,378,385,413,368,414,486
Namibia,NAM,,,,,,,180,230,1330,840,900,900,1000,3410,3420,3970,9020,12930,35760,40580,55620,74520,75170,75110,77550,76916,76966,75726,76591,3704,532,204,17,133,65,12,13,,1900,702,2307,2295,1298,1289,1307,1221,1196,1123,976,918,1013,1067,1097,1138,1250,1272,1363,1368,1331,459,457,441
New Caledonia,NCL,,,,,,,,,,,,,,,,,,,,,,,,,,,,,,,,,,,,,,,,,,,,,,,,,,,,,,,,,,,,,,
Niger,NER,,,,,,,,,,,,,,,,,,,,,,,,,,,,,,,,,22006,22306,22019,10289,10359,2783,418,508,483,478,829,716,676,642,803,817,789,812,794,805,824,674,728,1383,1230,1363,2715,3063,18853,21901
Nigeria,NGA,,,,,,,,,51100,2850,,,,,,,,,,,,,,,,,,5,15,15,15,22,75,95,587,1942,4751,3043,3998,4440,5735,6077,24559,24414,23882,22123,13242,13898,14170,15609,15645,17140,18017,31173,90936,167973,229290,238977,276834,295578,352960,383660
Nicaragua,NIC,,,,,,,,,,,,,,,,,,,144800,16600,960,2500,18970,23520,35020,52650,67550,68540,86563,97698,52617,46789,44275,33056,28596,23936,22818,22495,21390,20572,5070,4397,4049,3984,1822,1463,1827,1899,1533,1473,1426,1464,1526,1530,1580,1469,1409,1467,1671,4376,8701,11041
Netherlands,NLD,,,,,,,,,,,,,,,,,,,,,,,,,,,,,,,,,,,75,86,97,77,57,29,14,5,32,38,45,155,41,44,46,44,52,61,69,59,63,64,32,39,41,55,51,58
Norway,NOR,,,,,,,,,,,,,,,,,,,,,,,,,,,,,,,,,,,,,,,,,,,5,5,5,12,,,,,,5,5,15,15,10,10,15,5,5,5,5
Nepal,NPL,,,,,,,,,,,,,,,,,,,,,,,,,,,,,,,,,,,5,27,44,49,95,178,227,300,899,1232,1414,2061,2651,3364,4190,5101,5883,6845,7601,8098,8542,9051,8364,8415,8590,8034,7483,7029
Nauru,NRU,,,,,,,,,,,,,,,,,,,,,,,,,,,,,,,,,,,,,,,,5,5,,,5,,,,,,,,,,,,,,,,,5,5
New Zealand,NZL,,,,,,,,,,,,,,,,,,,,,,,,,,,,,,,,,,,,,,,,,,,,,,5,7,12,8,9,11,13,19,15,14,16,25,34,34,34,35,33
OECD members,OED,,,,,,,,,,,,,,,,,,,,,,,,,,,,,,,58105,52126,46950,85179,108856,101531,93159,80898,69611,62515,67920,77254,265274,261832,251819,270085,335784,796891,608490,556028,562294,557016,552131,485887,448470,423991,388455,274313,230885,297454,309934,248343
Oman,OMN,,,,,,,,,,,,,,,,,,,,,,,,,,,,,,,,,,,5,9,8,8,8,8,5,5,19,5,16,10,37,44,55,63,62,58,62,20,25,36,35,39,42,42,47,53
Other small states,OSS,,,,,,,,,,,,,,,,,,,,,,,,,,,,,,,5666,14929,80801,91008,127848,125117,128176,120125,121820,277928,238239,189482,146153,109565,110651,112803,114043,116456,111765,97614,84757,68728,53707,40590,35037,33019,30896,30754,33354,33126,25268,27275
Pakistan,PAK,,,,,,,,,,,,,,,,,,,,,,,,,,,,,274,409,485,523,1088,1420,4431,5277,7499,5983,6860,8011,10134,12326,23164,24390,25943,29906,25636,31847,32391,35129,39979,35948,49778,48676,335947,297886,105419,128914,132248,136902,133280,132817
Panama,PAN,,,,,,,,,,,,,,,,,,,,,,,,,,,,,47,365,629,640,652,677,486,158,146,123,86,73,70,36,44,29,38,41,72,105,106,102,94,98,107,99,83,62,33,36,44,45,70,118
Peru,PER,,,,,,,,,,,,,,,,,,,,,,,,,,,,,5,26,255,473,727,1967,4333,5902,6695,6608,7065,7205,6948,6500,6431,5578,4767,4863,6977,7738,7329,6272,5834,5488,5207,4762,4333,3591,2599,2588,2579,2765,2834,3520
Philippines,PHL,,,,,,,,,,,,,,,,,,90000,92000,90000,90000,90000,90000,100000,100000,90000,90000,90000,90000,90000,11,15,45,111,435,515,599,526,45601,45516,45481,45469,45606,409,428,464,888,1550,1348,987,963,945,979,718,660,582,426,445,522,554,469,521
Palau,PLW,,,,,,,,,,,,,,,,,,,,,,,,,,,,,,,,,,,,,,,,,,,,,,,,,,,,,,,,,,,,,,
Papua New Guinea,PNG,,,,,,,,,,,,,,,,,,,,,,,,,,,,,,,,,,,,2000,2006,806,216,6,6,6,12,12,12,20,27,33,44,68,87,126,172,219,285,335,401,406,424,475,510,507
Poland,POL,,,,,,,,,,,150,150,140,100,70,60,50,,50,,471,505,775,761,994,1655,1102,1475,23266,23072,25632,21643,14518,13385,35934,19731,12868,7292,1880,1238,859,3187,16713,15211,10683,19642,13508,2911,2385,2052,1758,1811,1638,1428,1306,1298,1159,1123,1085,961,910,887
Pre-demographic dividend,PRE,,,,,,,,,,,,,,,,,,,,,,,,,,,,,,,11492529,12098683,10560074,9755625,7708767,7087614,7162549,6757823,6591791,6850845,7801814,7717025,6328086,5654302,5795196,5327765,6406527,7952575,7196227,7107238,7318007,7239576,6646688,6456351,7232189,7744755,8419066,9817273,9918962,9984333,9924245,10456996
Puerto Rico,PRI,,,,,,,,,,,,,,,,,,,,,,,,,,,,,,,,,,,12,12,12,,,,,,,,,,,,,,,,,,,,,,,,,
"Korea, Dem. People's Rep.",PRK,,,,,,,,,,,,,,,,,,,,,,,,,,,,,,,,,,,,,10,,5,10,15,17,256,306,344,287,394,602,881,878,915,1046,1126,1163,1275,1094,1419,1176,797,758,689,528
Portugal,PRT,,,,,,,,,,,,,,,,,,,,,,,,,,,,,,,,,,,25,23,218,213,21,16,24,14,60,54,43,74,25,29,35,30,29,29,32,27,30,28,20,16,20,25,27,26
Paraguay,PRY,,,,,,,,,,,,,,,,,,,,,,,,,,,,,,,19,8,10,15,64,51,45,19,16,20,20,6,26,34,34,42,103,99,97,77,86,91,101,91,87,88,68,77,73,84,119,125
West Bank and Gaza,PSE,,,,,,,,,,,,,,,,,3200,,,,,,9800,9110,,31640,52705,2005,5014,8041,8521,65177,95343,81472,82559,72762,80202,76812,77517,100602,110641,349158,428775,350562,349827,349663,334127,341231,340004,95185,93312,94141,94916,96035,97207,98013,97794,99630,100728,96253,100153,103581
Pacific island small states,PSS,,,,,,,,,,,,,,,,,,,,,,,,,,,,,,,,,19,89,156,261,349,370,340,372,450,778,1138,1185,1382,1434,1767,1907,1959,1989,1960,1686,1419,1211,1026,985,892,832,747,664,596,497
Post-demographic dividend,PST,,,,,,,,,,,,,,,,,,,,,,,,,,,,,,,27353,29606,637717,834319,907037,1065067,1349272,1242360,1018132,999382,891388,794012,809308,665633,571237,356889,418171,231233,224178,194036,177309,170821,164336,104426,322776,395206,299832,198135,150936,117687,94138,87699
French Polynesia,PYF,,,,,,,,,,,,,,,,,,,,,,,,,,,,,,,,,,,,,,,,,,,,,,,,,,,,,,,,,,,,,,
Qatar,QAT,,,,,,,,,,,,,,,,,,,,,,,,,,,,,,,,,,,49,30,17,18,21,6,,,10,14,10,6,48,57,69,66,109,93,123,15,23,21,25,31,30,36,33,47
Romania,ROU,,,,,,,,,,,100,60,90,90,70,70,,,60,,772,854,1157,1211,962,2201,1024,1890,20247,45978,51282,27177,25118,23566,22273,16977,11872,8955,10924,8560,7348,6052,8842,8384,6043,11495,7224,5299,4747,4350,3926,3422,2802,2331,1917,1731,1195,1210,1155,1352,1343,1417
Russian Federation,RUS,,,,,120,,17970,,,,170,160,150,110,80,70,60,50,50,,10821,11562,11569,11574,11577,11582,10226,8683,33636,68496,117736,155576,213802,243312,251394,207027,173722,198055,172724,28319,40309,45154,91625,96414,108096,103037,159383,93218,103061,109452,111944,109783,110587,74310,70552,67008,62759,61584,61457,62353,52742,68547
Rwanda,RWA,,147000,147000,154000,166300,155900,159600,160230,160100,144930,142050,141630,153650,163595,178260,175720,176410,169780,175110,176540,286650,277010,327950,321760,357110,376520,371910,353440,327540,319500,361317,431239,434731,450459,2257570,1819367,469132,67996,77738,88934,119051,84508,75251,75258,63792,100252,92956,80955,72529,129108,115519,106832,97357,83943,79396,286357,286063,258986,247469,246407,245781,248219
South Asia,SAS,,,,,,,,,,,,,,,,,,,,,,,,,,,,,,,6548525,6526696,4811740,3611811,3012788,2958738,2963681,2966979,2909056,2848512,3847588,4072751,2800274,2406909,2680194,2436365,2386422,3369109,3142062,3192058,3344515,2928092,2842239,2788669,3107703,3134442,2765647,2909950,2973842,3024300,2916419,3047495
Saudi Arabia,SAU,,,,,,,,,,,,,,,,,,,,,,,,,,,,,,,,,,5,180,261,244,358,362,233,77,29,104,232,212,146,609,737,700,629,659,733,811,575,616,686,937,1219,1492,1721,2003,2167
Sudan,SDN,,,,13000,20300,81560,115000,120990,175500,170400,172960,171330,128450,13050,11770,11000,10600,10850,10850,10850,10850,5350,5350,31000,180060,180855,132759,253166,347309,438899,523996,196242,267767,393868,405129,445277,475302,364571,390001,485449,494351,489931,508863,606230,730631,693621,686296,523029,419249,368178,387265,500004,568934,648936,665956,627080,650391,694556,724787,734780,787823,825290
Senegal,SEN,,,,,,,,,,,,,,,,,,,,,,,,,,,,,5,15006,60006,25137,15463,22594,25619,17587,17630,17163,9712,11598,11077,8554,12069,8347,8325,8662,15150,15886,16007,16306,16255,17710,18717,19815,23110,21267,23054,26584,18208,17208,13986,15129
Singapore,SGP,,,,,,,,,,,,,,,,,,,,,,,,,,,,,8,5,,,,,8,8,18,20,21,24,21,15,40,35,36,35,108,117,106,77,74,65,64,61,55,50,38,48,46,39,37,34
Solomon Islands,SLB,,,,,,,,,,,,,,,,,,,,,,,,,,,,,,,,,,,,34,34,34,34,34,34,42,55,61,61,27,37,47,51,65,75,72,60,60,70,71,71,57,33,34,37,38
Sierra Leone,SLE,,,,,,,,,,,,,,,,,,,,,,,,,,,,,8,8,8,142614,253591,311181,275298,379491,375100,329322,406070,490047,402798,179097,141473,70571,41797,40473,42849,32114,32517,15398,11261,7985,6191,5305,4988,4900,4678,4496,4846,5288,5734,6615
El Salvador,SLV,,,,,,,,,,,,,,,,,,,,,91630,304810,242400,244600,243000,180605,171785,167605,166393,39582,30019,33048,30854,26125,30736,23534,19639,17124,12591,12408,7753,7147,6630,5658,4497,4283,6390,6026,5154,5053,4978,6725,8173,9634,10968,14778,19617,25876,32562,41816,45640,52041
San Marino,SMR,,,,,,,,,,,,,,,,,,,,,,,,,,,,,,,,,,,,,,,5,5,5,,5,,,,,,,,,,,,,,,,,,,
Somalia,SOM,,,,,,,,,,,,,,,,110,50,60,90,90,134,34,118,39,639,1830,3142,60162,351993,360309,470174,732596,812196,574612,631420,638695,636984,608086,557953,524604,475644,440120,432304,402329,389287,395544,464026,457345,561145,678296,770141,1077038,1136709,1121760,1106430,1123144,1012320,986386,949637,901596,812356,776678
Serbia,SRB,,,,,,,,,,130,150,140,130,130,120,120,,,4200,,270,214,177,157,91,91,72,42,99,96,1745,45826,90081,58255,54975,86116,103963,106649,115289,172506,146749,144231,327582,296627,237015,189985,174022,165636,185930,195625,183284,161664,158903,48725,45730,38620,36928,33246,32368,31251,29976,31735
Sub-Saharan Africa (excluding high income),SSA,,,,,,,,,,,,,,,,,,,,,,,,,,,,,,,5746892,5169260,5426023,6326045,6727751,5624366,4354536,3541330,3413916,3618100,3769011,3464525,3525094,3312233,3221577,3096054,3039507,2747758,2627727,2665787,2810062,3371529,3535014,3702363,4479198,5233426,6007856,7213999,7241625,7290851,7417822,7822151
South Sudan,SSD,,,,,,,,,,,,,,,,,,,,,,,,,,,,,,,,,,,,,,,,,,,,,,,,,,,,,87007,114468,616206,778722,1436707,2439888,2285301,2234805,2188785,2362759
Sub-Saharan Africa,SSF,,,,,,,,,,,,,,,,,,,,,,,,,,,,,,,5746950,5169327,5426075,6326072,6728304,5624705,4354674,3541362,3413954,3618130,3769036,3464539,3525137,3312270,3221624,3096093,3039568,2747812,2627778,2665834,2810109,3371568,3535044,3702387,4479221,5233445,6007866,7214009,7241640,7290866,7417832,7822165
Small states,SST,,,,,,,,,,,,,,,,,,,,,,,,,,,,,,,12291,20855,83365,91996,129035,126298,129396,121260,122788,278909,239219,190733,147807,111427,113023,115831,118090,121389,117023,103143,90574,74974,60264,47442,42262,40336,37445,37596,40457,39870,31556,33047
Sao Tome and Principe,STP,,,,,,,,,,,,,,,,,,,,,,,,,,50,,,,,,,,,28,32,47,42,39,29,23,21,41,41,36,23,30,32,32,32,32,32,31,31,24,24,31,31,31,28,28,6
Suriname,SUR,,,,,,,,,,,,,,,,,,,,,,,,,,,,,,6601,6620,5921,2545,894,915,817,754,663,491,413,334,239,101,67,47,26,65,62,50,44,24,22,14,17,17,19,16,17,22,17,17,22
Slovak Republic,SVK,,,,,,,,,,,,,,,,,,,,,,,,,,,,,,,,,,,12,24,57,69,143,178,216,189,596,668,618,787,741,346,333,336,157,271,231,321,316,325,792,913,1218,1343,1368,1426
Slovenia,SVN,,,,,,,,,,,,,,,,,,,,,,,,,,,,,,,,,,28429,14829,12858,3369,3414,3299,3293,3278,762,853,608,580,154,1757,47,49,35,35,30,32,27,25,21,20,17,19,19,17,17
Sweden,SWE,,,,,,,,,,,,,,,,,,,,,,,,,,,,,,,,,,,11,25,37,39,39,30,17,5,27,35,30,75,16,17,16,15,23,23,21,18,18,18,13,14,16,13,8,9
Eswatini,SWZ,,,,,,,,,,,,,,,,,,,,,,,,,,,,,,,,,,,11,15,16,17,29,27,16,15,20,,6,12,16,21,28,28,32,39,59,103,151,213,224,231,237,224,198,165
Sint Maarten (Dutch part),SXM,,,,,,,,,,,,,,,,,,,,,,,,,,,,,,,,,,,,,,,,,,,,,,,,,,,,,,,,,,,,,,
Seychelles,SYC,,,,,,,,,,,,,,,,,,,,,,,,,,,,,49,49,58,67,52,27,553,339,138,32,38,30,25,14,43,37,47,39,61,54,51,47,47,39,30,24,23,19,10,10,15,15,10,14
Syrian Arab Republic,SYR,,,,,,,,,1200,1200,,,,,,,,,,500,500,505,505,526,529,2599,534,20,881,397,2148,3037,4408,5412,7087,7995,8611,8653,8132,6693,5868,4861,18908,20816,21430,16395,12327,13684,15206,17915,18451,19931,729011,2468323,3887490,4873236,5524511,6310498,6654374,6615249,6702910,6848845
Turks and Caicos Islands,TCA,,,,,,,,,,,,,,,,,,,,,,,,,,,,,,,,,,,,,,,,,,,,,,,,,,,,14,14,15,15,14,14,14,14,14,14,14
Chad,TCD,,,,,,,,,,,1900,1400,1500,1500,,,,,,10000,221000,234260,17010,16745,181346,212158,170078,146858,130790,125863,184804,72317,66378,212923,211968,59726,58443,55026,61294,58792,54955,46282,47340,52268,52645,48389,36286,55697,55083,54997,53713,42619,39674,48618,48236,14921,14176,16325,10895,11163,10388,11771
East Asia & Pacific (IDA & IBRD countries),TEA,,,,,,,,,,,,,,,,,,,,,,,,,,,,,,,694674,712093,976752,1013117,930482,932852,891019,870773,839439,926512,849390,792335,784504,707521,710733,727469,804506,723958,740044,975707,986211,987811,988849,1029981,1042981,1016738,1064727,1734928,1727836,1642065,1631985,1703185
Europe & Central Asia (IDA & IBRD countries),TEC,,,,,,,,,,,,,,,,,,,,,,,,,,,,,,,205647,262949,1522061,1739578,1849552,1876761,2416511,2290812,2038056,1872761,1497485,1396200,1813828,1619718,1453159,1180782,1153051,788682,808216,733517,703510,665883,648398,335903,543371,599922,501186,400446,361916,344746,406971,374737
Togo,TGO,,,,,,,,,,,,,,,,,,,,,,,,,,5,5,5,5,5,5,17,105,291055,167866,93152,25587,7182,3500,3695,4022,4356,10441,10609,10818,51092,27318,22481,16734,18363,18308,17853,15683,10301,9271,8774,8296,8115,8029,8034,7704,7985
Thailand,THA,,,,,,,,,,,,,,,,,,,,,,,,,,,,,,,18,29,33,33,135,209,282,268,290,315,213,90,342,295,320,424,3323,2322,1811,498,351,365,378,220,223,209,147,164,183,173,174,181
Tajikistan,TJK,,,,,,,,,,,,,,,,,,,,,,,,,,,,,,,,,60008,70108,57143,58960,107508,75880,56350,45166,59937,56107,63264,58935,56776,54753,646,887,541,556,573,604,669,657,722,790,932,1369,1695,1987,2219,2412
Turkmenistan,TKM,,,,,,,,,,,,,,,,,,,,,,,,,,,,,,,,,,,7,45,2936,3179,1562,1051,299,305,797,836,815,818,689,667,735,734,723,711,708,502,470,446,371,365,457,478,498,563
Latin America & the Caribbean (IDA & IBRD countries),TLA,,,,,,,,,,,,,,,,,,,,,,,,,,,,,,,157226,156992,151039,134118,144787,130829,124039,115643,102409,88267,63281,66170,76972,74966,80253,98594,130106,617315,438876,455147,463105,475911,483211,488713,454856,440858,414232,311092,284896,432300,528620,516939
Timor-Leste,TLS,,,,,,,,,,,,,,,,,,,,,,,,,,,,,,,,,,,,,,,,162472,122202,73042,28097,127,221,251,251,6,7,7,8,8,8,8,13,19,19,13,12,17,11,11
Middle East & North Africa (IDA & IBRD countries),TMN,,,,,,,,,,,,,,,,,,,,,,,,,,,,,,,1219602,1465056,1488640,904090,934814,875195,862731,837200,798995,761758,649608,655487,633214,562900,493124,425952,1606435,2434311,2028766,1918654,1811850,1563387,1597034,2975830,4375712,5276211,5997426,6866656,7246723,7182022,7268711,7445168
Tonga,TON,,,,,,,,,,,,,,,,,,,,,,,,,,,,,,,,,,,,,5,5,,,5,,7,11,5,,5,,5,5,5,7,11,16,19,22,25,34,32,32,31,28
South Asia (IDA & IBRD),TSA,,,,,,,,,,,,,,,,,,,,,,,,,,,,,,,6548525,6526696,4811740,3611811,3012788,2958738,2963681,2966979,2909056,2848512,3847588,4072751,2800274,2406909,2680194,2436365,2386422,3369109,3142062,3192058,3344515,2928092,2842239,2788669,3107703,3134442,2765647,2909950,2973842,3024300,2916419,3047495
Sub-Saharan Africa (IDA & IBRD countries),TSS,,,,,,,,,,,,,,,,,,,,,,,,,,,,,,,5746950,5169327,5426075,6326072,6728304,5624705,4354674,3541362,3413954,3618130,3769036,3464539,3525137,3312270,3221624,3096093,3039568,2747812,2627778,2665834,2810109,3371568,3535044,3702387,4479221,5233445,6007866,7214009,7241640,7290866,7417832,7822165
Trinidad and Tobago,TTO,,,,,,,,,,,,,,,,,,,,,,,,,,,,,,,,,,,12,12,17,20,25,24,24,16,35,39,38,61,151,210,228,239,252,296,335,336,371,369,295,310,323,307,295,285
Tunisia,TUN,,,,,,,,,,,,,,,,,,,,,,,,5,6,6,6,6,7,7,40,61,88,106,208,327,410,703,931,1236,1205,1364,2543,2562,2511,3120,2835,2488,2334,2237,2159,1930,1918,1359,1476,1554,1687,1826,1985,2068,1636,2201
Turkiye,TUR,,,,,,,,,,,,,250,,,,,70,60,60,,,300,540,1040,810,850,1085,150,2764,5508,6452,10089,16767,28872,44866,50355,47339,45019,44012,47154,47085,193697,185086,174572,170557,227236,221937,214365,146378,146785,139763,135353,66558,63882,59545,57915,61383,68900,83239,93730,105019
Tuvalu,TUV,,,,,,,,,,,,,,,,,,,,,,,,,,,,,,,,,,,,5,5,5,5,5,5,5,5,5,5,,5,,,,,,,,,,,,,,,
Tanzania,TZA,,,,,,,,,,,,,,,320,,90,300,300,600,300,3000,500,500,500,,,2000,5,10,10,13,19,32,62,69,66,59,100,117,310,369,578,703,982,1542,1665,1250,1262,1191,1135,1154,1109,1033,843,810,579,655,723,695,689,752
Uganda,UGA,,,,,,,,,,,,,,950,2630,2510,3250,8000,8820,88710,224301,176691,271285,315346,293991,306060,238652,111071,21975,21358,58820,39386,32456,33406,31446,24161,28335,55232,13294,13929,32405,40133,40414,35240,31955,34208,21735,21325,7533,7543,6421,5658,5588,8166,7177,6311,6229,6409,7034,7301,7442,7886
Ukraine,UKR,,,,,,,,,,,,,,,,,,,,,,,,,,,,,,,,,39,133,917,1702,6106,6348,4599,12235,19310,26712,85258,94141,89582,84223,63716,25980,28416,24512,25102,25372,25248,5154,237617,321399,239062,139581,93248,59844,35156,27562
Upper middle income,UMC,,,,,,,,,,,,,,,,,,,,,,,,,,,,,,,1349187,1628033,2770031,2450449,2576023,2437334,2780936,2647579,2425450,2227129,1773270,1727178,1989501,1780587,1594575,1367795,2693395,3700647,3163355,3013368,2900090,2615994,1921393,1307701,1243789,1104164,1114665,1049257,1026825,1066661,1120466,1041491
Uruguay,URY,,,,,,,,,,,,,,,3000,570,1160,,,,24,24,525,25,165,537,47,39,33,203,843,601,431,164,363,263,202,87,72,36,48,45,60,59,76,107,158,193,194,183,185,183,168,144,119,84,23,12,7,15,15,45
United States,USA,,,,,,,,,,,,,,,,,,,,,,,,,,,,,,,,8,8,10,364,243,141,75,50,38,173,220,383,394,451,676,1353,2164,2126,2367,3019,3775,4454,4755,4980,4824,302,310,332,297,349,426
Uzbekistan,UZB,,,,,,,,,,,,,,,,,,,,,,,,,,,,,,,,,,,29060,142,69745,69068,51722,45527,3628,3454,6882,7394,7292,8322,9095,5658,6297,6662,8841,12667,11593,4953,4790,4197,3824,3405,3276,3217,3112,3014
St. Vincent and the Grenadines,VCT,,,,,,,,,,,,,,,,,,,,,,,,,,,,,,,,,,,7,7,13,13,24,36,48,67,81,105,181,279,386,644,748,847,946,1126,1315,1535,1736,1823,1335,1311,1258,979,742,467
"Venezuela, RB",VEN,,,,,,,,,,,,,,,,,,,,,,,,,,,,,,,,,5,135,370,478,558,606,568,554,469,464,525,598,1251,2581,3821,5089,5801,6216,6697,7575,8204,8396,8009,7455,7543,9272,21047,93239,171112,199202
British Virgin Islands,VGB,,,,,,,,,,,,,,,,,,,,,,,,,,,,,,,,,,,,,,,,,,,,,,,,,,,,,,,,,,,,,,
Virgin Islands (U.S.),VIR,,,,,,,,,,,,,,,,,,,,,,,,,,,,,,,,,,,,,,,,,,,,,,,,,,,,,,,,,,,,,,
Vietnam,VNM,,,,,10000,15000,17000,20000,22000,22000,20000,,,,,2110,4000,14380,124210,397290,346928,312548,325343,328399,328095,326617,326668,325717,440379,456936,496029,498323,517111,527625,539095,543536,518335,476795,435437,405378,370753,353211,373732,363170,349793,358268,374278,327770,328175,339299,338707,337828,336936,314109,313420,313152,329341,334064,334464,316441,316728,317737
Vanuatu,VUT,,,,,,,,,,,,,,,,,,,,,,,,,,,,,,,,,,,,,,,,,,,,,,,,,,,,,,,,,,,,,,
World,WLD,,,,,,,,,,,,,,,,,,,,,,,,,,,,,,,19850545,19429141,20545162,19238525,18846657,18141960,16725191,15484076,15053820,15364642,15935134,16043088,14619220,13728696,13805229,13011239,14325308,15952902,15160726,15162383,15239914,15201660,15416934,16728282,19534031,21351533,22524729,25383513,25905093,26044498,26365367,27119816
Samoa,WSM,,,,,,,,,,,,,,,,,,,,,,,,,,,,,,,,,,,,,,,,,,,,,,,,,5,,,,,,,,,,,,,5
Kosovo,XKX,,,,,,,,,,,,,,,,,,,,,,,,,,,,,,,,,,,,,,,,,,,,,,,,,,,,,,,,,,,,,,
"Yemen, Rep.",YEM,,,,,,,,,,,,,,,,,,,15000,15000,15000,,,,,,100000,70000,77000,77000,5,74,31,37,151,366,1154,1721,1928,2021,2104,1976,1595,1588,1599,1322,1364,1621,1764,1927,2070,2321,2582,2413,2623,15901,18427,23555,31145,36522,32433,37611
South Africa,ZAF,,,,,,,390,450,740,290,460,850,790,940,1380,1360,2180,2395,3840,7280,24250,24900,28430,34520,38560,38110,33220,26150,24906,17135,14781,11205,9241,9087,1514,492,286,241,184,190,168,131,271,284,261,259,501,474,449,380,374,422,413,424,422,447,452,461,482,441,474,643
Zambia,ZMB,,,,,,,,,15000,13000,9000,750,750,750,4000,750,750,,,1000,1210,1200,1200,1200,,,,,,,,,1990,1573,15,22,39,62,75,86,91,55,84,95,119,146,199,192,191,201,221,234,240,230,309,334,256,260,266,259,252,255
Zimbabwe,ZWE,,,,,,,,,,,,,,,,14720,31220,76520,163160,197640,160,190,,3200,3760,4250,3230,3830,629,5,5,128,8,14,38,37,36,37,40,40,109,257,4024,7154,9557,11246,12774,14366,16824,22441,24080,25033,22082,19719,22478,21332,18141,17420,15618,10045,8575,8115
